[{"model": "store.category", "pk": 1, "fields": {"name": "Laptops", "slug": "laptops", "is_active": true}}, {"model": "store.category", "pk": 2, "fields": {"name": "Gaming pc", "slug": "gaming-pc", "is_active": true}}, {"model": "store.category", "pk": 3, "fields": {"name": "SmartPhones", "slug": "smartphones", "is_active": true}}, {"model": "store.category", "pk": 4, "fields": {"name": "SmartWatch", "slug": "smartwatch", "is_active": true}}, {"model": "store.product", "pk": 1, "fields": {"name": "Legion 5 Gen 7 AMD (15”) with RTX 3050 Ti", "description": "Escalate your game with up to 8 high-performance cores in the AMD Ryzen 7 5800H processor, 16GB DDR4 RAM, and 512GB NVMe SSD storage\r\nIncludes free 3-month trial of Xbox Game Pass Ultimate - Play over 100 high-quality PC games on Windows PC; includes iconic Bethesda games, new day one titles, and the EA Play on PC catalog\r\nWith NVIDIA GeForce RTX 3050 Ti graphics, enjoy the depth and visual fidelity of real-time ray-tracing; the 15.6\" FHD (1920 x 1080) IPS display on the Legion 5 gaming laptop delivers speed and color clarity for full-fidelity gaming\r\nLegion TrueStrike keyboard with 4-zone RGB backlight; 2 x 2W speakers with Nahimic Audio for Gamers\r\nConnectivity: Built-in 720p webcam with e-shutter, WiFi 6, Bluetooth 5.0, USB-C, 4 USB, HDMI 2.1, DisplayPort 1.4, RJ45 Ethernet", "image": "media/j0eo804vet92hwn25hmrsw28pu6edy349867.webp", "slug": "Legion 5 Gen 7 AMD (15”) with RTX 3050 Ti", "is_active": true, "category": 1, "price": 1000, "stock": 5}}, {"model": "store.product", "pk": 2, "fields": {"name": "MSI MEG Aegis Ti5 12th gaming desktop", "description": "Intel Core i9-12900K 8P+8EC/24T 3.2-5.2 GHz 30MB Cache\r\nNVIDIA GeForce RTX 3080 Ti\r\n64GB DDR5 (4 x 16GB) 4800 MHz\r\n2TB M.2 NVMe 4\r\nWiFi 6E (802.11ax) 2.4Gbps Tri Band 2.4GHz, 5GHz, 6GHz", "image": "media/1024_5.png", "slug": "MSI MEG Aegis Ti5 12th gaming desktop", "is_active": true, "category": 2, "price": 2000, "stock": 10}}, {"model": "store.product", "pk": 4, "fields": {"name": "MSI Titan GT77 gaming", "description": "Powered Up: The 12th Gen. Intel Core i7 processor to deliver maximum efficiency in gameplay, Multi-task work and producTivity.\r\nGet Up To Date: Hit the ground running with the all new Windows 11 Pro perfect for at home use or running a business.\r\nRay-Tracing: The NVIDIA GeForce RTX 3070 Ti GPU powered by the NVIDIA 2nd gen RTX architecture for the most realistic ray-traced graphics and cutting-edge AI features.\r\n4K Display: The 17.3\" 4K UHD, 120Hz refresh rate and 100% DCI-P3 display delivers an abundant color gamut, more vivid colors and faster display for the ultimate gaming experience.\r\nHigh-Speed Data: Thunderbolt 4 and DDR5-4800 memory for the fastest data transfer, system speed and responsiveness.", "image": "media/1024.png", "slug": "MSI Titan GT77 gaming", "is_active": true, "category": 1, "price": 1590, "stock": 5}}, {"model": "store.product", "pk": 5, "fields": {"name": "OnePlus 10 Pro", "description": "The OnePlus 10 Pro 5G is a high-end Android-based smartphone manufactured by OnePlus, unveiled on January 11, 2022. Succeeding the OnePlus 9 Pro, the phone also features upgraded cameras developed with Hasselblad.", "image": "media/EU-IN_Black.png", "slug": "OnePlus 10 Pro", "is_active": true, "category": 3, "price": 900, "stock": 1}}, {"model": "store.product", "pk": 6, "fields": {"name": "ROG Phone 6", "description": "ROG Phone 6 is a line of Android gaming smartphones made by Asus as the fifth generation of ROG smartphone series following the fourth generation ROG Phone 5.", "image": "media/h732_1.png", "slug": "ROG Phone 6", "is_active": true, "category": 3, "price": 1200, "stock": 3}}, {"model": "store.product", "pk": 7, "fields": {"name": "Ruggear RG655", "description": "RG655 Engineered with German precision, RG655 can withstand a variety of extremes including relentless pounding, pressure and elements. RG170 The RG170 ultra-rugged keypad telephone enables completely encrypted and tap-proof communication.", "image": "media/rg655_front_web.png", "slug": "Ruggear RG655", "is_active": true, "category": 3, "price": 1000, "stock": 5}}, {"model": "store.product", "pk": 8, "fields": {"name": "Ruggear RG850", "description": "RG850 RG850 Smart, immersive technology for every situation Meet the RG850, the world's first rugged 18:9 Android™ Oreo phone. Practical and slim in profile, it features an \"Edge-to-Edge\" screen for you to enjoy the ultimate immersive experience.", "image": "media/csm_ruggear_RG850_front_133129985b.png", "slug": "Ruggear RG850", "is_active": true, "category": 3, "price": 900, "stock": 5}}, {"model": "store.product", "pk": 9, "fields": {"name": "Samsung Galaxy S22 Ultra", "description": "The Samsung Galaxy S22 is a series of Android-based smartphones designed, developed, manufactured, and marketed by Samsung Electronics as part of its Galaxy S series. Unveiled at Samsung's Galaxy Unpacked event on 9 February 2022. They collectively serve as the successor to the Samsung Galaxy S21 series. The first three smartphones were unveiled at Samsung's Galaxy Unpacked event on 9 February 2022.", "image": "media/9-removebg-preview.png", "slug": "Samsung Galaxy S22 Ultra", "is_active": true, "category": 3, "price": 1100, "stock": 5}}, {"model": "store.product", "pk": 10, "fields": {"name": "Samsung Galaxy Watch4", "description": "Samsung Galaxy Watch 4 - The Official Samsung Galaxy Site Specifications Design Color 44mm 40mm Armor Aluminum LTE / Bluetooth Black Green Silver Black Pink gold Silver Dimensions & Weight Galaxy Watch4 44mm 44.4 x 43.3 x 9.8mm (Excluded the health sensor) 30g (Armor Aluminum, without strap)", "image": "media/10-removebg-preview.png", "slug": "Samsung Galaxy Watch4", "is_active": true, "category": 4, "price": 900, "stock": 4}}, {"model": "store.product", "pk": 11, "fields": {"name": "Samsung Galaxy Z Fold4", "description": "The Samsung Galaxy Z Fold 4 is a foldable smartphone that is part of the Samsung Galaxy Z series. It was announced at the August 2022 edition of Galaxy Unpacked alongside the Galaxy Z Flip 4. It was released on August 25, 2022. It is the successor to the Galaxy Z Fold 3.", "image": "media/11-removebg-preview.png", "slug": "Samsung Galaxy Z Fold4", "is_active": true, "category": 3, "price": 1500, "stock": 1}}, {"model": "store.product", "pk": 12, "fields": {"name": "ThinkPad P16 (16” Intel) Mobile Workstation", "description": "With 32 GB of memory, runs as many programs as you want without losing the execution\r\n16\" display with 2560 x 1600 resolution showcases movies, games and photos with impressive clarity\r\n1 TB SSD for spacious storage with much faster data transfer speed than standard hard drives\r\nNVIDIA RTX A2000 8 GB discrete graphic card provides excellent ability in a variety of multimedia applications and user experiences", "image": "media/dlu3iubhqmxde5w4zsflfzp9pt0ivu002190.webp", "slug": "ThinkPad P16 (16” Intel) Mobile Workstation", "is_active": true, "category": 1, "price": 1300, "stock": 3}}, {"model": "store.product", "pk": 13, "fields": {"name": "ASUS 2023 Newest ROG Zephyrus G16 Gaming Laptop", "description": "About this item\r\n【Processor】Equipped with Intel Core I7-13620H, Up to Turbo Boost 4.9 GHz, 10 cores, 12 threads, this laptop offers excellent performance for gaming and multitasking, providing impressive multi-core processing power that's perfect for gaming. The laptop features a backlit keyboard, allowing you to type in dimly lit environments.\r\n【NVIDIA GeForce RTX 4060】 The laptop includes a dedicated NVIDIA GeForce RTX 4060 graphics, 8GB GDDR6 with ROG Boost at 100W (120W with Dynamic Boost 2.0) for an ultrafast GPU to fuel your games, offering exceptional gaming performance, ray tracing support, and realistic visuals.\r\n【16\" FHD Display】Featuring a 16\" FHD 165Hz IPS display, ASUS ROG Zephyrus G16 provides a smooth and responsive visual experience. Experience the benefits of ROG Intelligent Cooling, where your laptop intelligently adapts its cooling methods to the intensity of your tasks.\r\n【Upgraded】 Up to 48GB RAM is designed for basic tasks, the high-bandwith DDR4 RAM run your applications smoothly, as well as multiple programs and files all at once. Up to 2TB SSD storage capacity is suitable for saving all your files and provides enough space to save more data.\r\n【Connectivity】 Work efficiently and browse the web knowing that your connection remains secure with the Wi-Fi 6 and Bluetooth Combo. It has 2x Type A USB 3.2 Gen 1, 2x Type C USB 3.2 Gen 2, 1x Headphone Jack, 1x HDMI, 1x Media Card Reader to help you to connect quickly.", "image": "media/h732.png", "slug": "ASUS 2023 Newest ROG Zephyrus G16 Gaming Laptop", "is_active": true, "category": 2, "price": 800, "stock": 5}}, {"model": "store.product", "pk": 14, "fields": {"name": "ASUS ROG Strix G16 (2023) Gaming Laptop", "description": "POWER UP YOUR PLAY - Draw more frames and win more games with Windows 11, a 13th Gen Intel Core i9-13980HX processor, and an NVIDIA GeForce RTX 4060 Laptop GPU at 140W Max TGP.\r\nBLAZING FAST MEMORY AND STORAGE – Multitask swiftly with 16GB of DDR5-4800MHz memory and speed up loading times with 1TB of PCIe 4x4.\r\nROG INTELLIGENT COOLING – To put this amount of power in a gaming laptop, you need an even better cooling solution. The Strix features Thermal Grizzly’s Conductonaut Extreme liquid metal on the CPU, and a third intake fan among other premium features, to allow for better sustained performance over long gaming sessions.\r\nROG Nebula Display – The Nebula standard guarantees a premium display with high specs in all fronts for the best visuals no matter the task. Featuring QHD 240HZ/3ms, 100% DCI-P3, Pantone Validation, among other premium features on the Strix G16\r\nMUX SWITCH WITH ADVANCED OPTIMUS - A MUX Switch increases laptop gaming performance by 5-10% by routing frames directly from the dGPU to the display bypassing the iGPU. With Advanced Optimus the switch between iGPU and dGPU becomes automatic based on the task, optimizing battery life.", "image": "media/h732_1_tsoZlkn.png", "slug": "ASUS ROG Strix G16 (2023) Gaming Laptop", "is_active": true, "category": 2, "price": 1500, "stock": 4}}, {"model": "store.product", "pk": 15, "fields": {"name": "Sceptre New 24-inch Gaming Monitor", "description": "Blue Light Shift: Blue Light Shift reduces blue light, allowing you to comfortably work, watch, or play applications without straining your eyes.\r\nBuilt-in Speakers: Perfectly suited to work & gaming settings, built-in speakers deliver robust & smooth audio while saving space on your desk.\r\nDP & HDMI Ports: The DisplayPort & HDMI 2.0 ports deliver up to a stellar 100Hz refresh rate, providing visibility that allows you to easily prevail over your foes.\r\nFPS-RTS Game Modes: FPS and RTS are Sceptre's custom set display settings built for an enhanced gaming experience. FPS (First Person Shooter), RTS (Real-Time Strategy).\r\nVESA Wall Mountable: The VESA wall mount pattern gives you the freedom to select the optimum viewing position for your monitor, eliminate cable clutter, and save valuable space for your gaming and work station.\r\nEdgeless Design: Edgeless Design completely immerses you in all the captivating action and electrifying scenery that 1920 x 1080 resolution and 100Hz refresh rate have to offer.\r\n100% sRGB Color Gamut: With 100% sRGB, our display reveals an astonishing brightness and variance in red, green, and blue color across a wide gamut, providing a more defined and naturalistic display of color in every image.\r\nNote: Products with electrical plugs are designed for use in the US. Outlets and voltage differ internationally and this product may require an adapter or converter for use in your destination. Please check compatibility before purchasing.", "image": "media/7170aSZ-HDL._AC_SX679_.jpg", "slug": "Sceptre New 24-inch Gaming Monitor", "is_active": true, "category": 2, "price": 1699, "stock": 5}}, {"model": "store.product", "pk": 16, "fields": {"name": "TP-Link Tri-Band BE19000 WiFi 7 Router", "description": "【Redefining Wi-Fi Routers】With powerful Wi-Fi 7 performance, lightning-fast wired connections, brand-new design, and LED screen.\r\n【Lightning-Fast BE19000 Tri-Band Wi-Fi 7 Speeds】Archer BE800 is designed with the latest Wi-Fi 7 technology, featuring Multi-Link Operation, Multi-RUs, 4K-QAM, and 320 MHz channels. With speeds of 11520 Mbps on the 6GHz band, 5760 Mbps on the 5GHz band, and 1376 Mbps on the 2.4GHz band, the Archer BE800 delivers fluent 4K/8K streaming, immersive AR/VR gaming and unparalleled Wi-Fi performance.\r\n【Pro-Grade Dual 10G WAN/LAN Ports】Equipped with two 10G WAN/LAN ports—one RJ45 port and one SFP+ Fiber/RJ45 Ethernet combo port—Archer BE800 provides flexible support for both fiber and copper connections. The additional Four 2.5G ports and a USB 3.0 port make it an ideal solution for future-proofing your home network.\r\n【Premium Components for Premium Experience】Proprietary Wi-Fi optimization and 8× optimally positioned antennas along with Beamforming deliver more capacity, stronger and more reliable connections, and less interference\r\n【Flexibly Create Whole Home Mesh WiFi】EasyMesh-Compatible: Works with EasyMesh routers and range extenders to form seamless whole home Mesh Wi-Fi, preventing drops and lag when moving between signals\r\n【TP-Link HomeShield】TP-Link's premium security service keeps your home network safe with cutting-edge network and IoT protection. Free features: 1. Basic Network Security including Security Scan and IoT Device Identification 2. Basic Parental Controls 3. Quality of Service 4. Basic Weekly/Monthly Reports. Visit TP-Link website for more information.\r\n【Private IoT Network for More Security】Set up a separate WiFi for IoT devices and overlay HomeShield and advanced WPA3 encryption to better protect the security of your home network and IoT devices.\r\nShow more\r\nNote: Products with electrical plugs are designed for use in the US. Outlets and voltage differ internationally and this product may require an adapter or converter for use in your destination. Please check compatibility before purchasing.", "image": "media/09_large_20240109110558u.jpg", "slug": "TP-Link Tri-Band BE19000 WiFi 7 Router", "is_active": true, "category": 1, "price": 300, "stock": 5}}, {"model": "store.productgallery", "pk": 1, "fields": {"product": 16, "image": "media/02_large_20240109110541f.jpg"}}, {"model": "store.productgallery", "pk": 2, "fields": {"product": 16, "image": "media/10_large_20240109110610d.jpg"}}, {"model": "store.productgallery", "pk": 3, "fields": {"product": 16, "image": "media/Archer_BE800_WiFi_7_Router_with_10G_Ports_3_large_20230327071837q.jpg"}}, {"model": "store.productgallery", "pk": 4, "fields": {"product": 16, "image": "media/Archer_BE800_WiFi_7_Router_with_10G_Ports_4_large_20230327071847h.jpg"}}, {"model": "store.productgallery", "pk": 5, "fields": {"product": 16, "image": "media/Archer_BE800_WiFi_7_Router_with_10G_Ports_5_large_20230327071855a.jpg"}}, {"model": "store.productgallery", "pk": 6, "fields": {"product": 16, "image": "media/Archer_BE800_WiFi_7_Router_with_10G_Ports_6_large_20230327071905i.jpg"}}, {"model": "store.productgallery", "pk": 7, "fields": {"product": 16, "image": "media/Archer_BE800_WiFi_7_Router_with_10G_Ports_7_large_20230327071914n.jpg"}}, {"model": "store.productgallery", "pk": 8, "fields": {"product": 16, "image": "media/Archer_BE800_WiFi_7_Router_with_10G_Ports_8_large_20230327071921o.jpg"}}, {"model": "store.productgallery", "pk": 9, "fields": {"product": 15, "image": "media/front_1-1500x1044.jpg"}}, {"model": "store.productgallery", "pk": 10, "fields": {"product": 15, "image": "media/back_4-1500x1044.jpg"}}, {"model": "store.productgallery", "pk": 11, "fields": {"product": 15, "image": "media/L45_2-1500x1044.jpg"}}, {"model": "store.productgallery", "pk": 12, "fields": {"product": 15, "image": "media/r45_3-1500x1044.jpg"}}, {"model": "store.productgallery", "pk": 13, "fields": {"product": 15, "image": "media/side_5-1500x1044.jpg"}}, {"model": "store.productgallery", "pk": 14, "fields": {"product": 15, "image": "media/top_6-1500x1044.jpg"}}, {"model": "store.productgallery", "pk": 15, "fields": {"product": 14, "image": "media/h732_TrvHiJO.png"}}, {"model": "store.productgallery", "pk": 16, "fields": {"product": 14, "image": "media/h732_1_9i4ZYj5.png"}}, {"model": "store.productgallery", "pk": 17, "fields": {"product": 14, "image": "media/h732_2.png"}}, {"model": "store.productgallery", "pk": 18, "fields": {"product": 14, "image": "media/h732_3.png"}}, {"model": "store.productgallery", "pk": 19, "fields": {"product": 14, "image": "media/h732_4.png"}}, {"model": "store.productgallery", "pk": 20, "fields": {"product": 14, "image": "media/h732_5.png"}}, {"model": "store.productgallery", "pk": 21, "fields": {"product": 14, "image": "media/h732_6.png"}}, {"model": "store.productgallery", "pk": 22, "fields": {"product": 14, "image": "media/h732_7.png"}}, {"model": "store.productgallery", "pk": 23, "fields": {"product": 14, "image": "media/h732_9.png"}}, {"model": "store.productgallery", "pk": 24, "fields": {"product": 14, "image": "media/h732_10.png"}}, {"model": "store.productgallery", "pk": 25, "fields": {"product": 14, "image": "media/h732_11.png"}}, {"model": "store.productgallery", "pk": 26, "fields": {"product": 14, "image": "media/h732_12.png"}}, {"model": "store.productgallery", "pk": 27, "fields": {"product": 13, "image": "media/h732_1_HchyZCq.png"}}, {"model": "store.productgallery", "pk": 28, "fields": {"product": 13, "image": "media/h732_2_orKL1nT.png"}}, {"model": "store.productgallery", "pk": 29, "fields": {"product": 13, "image": "media/h732_3_69c4giU.png"}}, {"model": "store.productgallery", "pk": 30, "fields": {"product": 13, "image": "media/h732_4_4n792Jr.png"}}, {"model": "store.productgallery", "pk": 31, "fields": {"product": 13, "image": "media/h732_5_E39BxJt.png"}}, {"model": "store.productgallery", "pk": 32, "fields": {"product": 13, "image": "media/h732_6_3jg8Rb8.png"}}, {"model": "store.productgallery", "pk": 33, "fields": {"product": 13, "image": "media/h732_7_Pxe5QLP.png"}}, {"model": "store.productgallery", "pk": 34, "fields": {"product": 13, "image": "media/h732_8.png"}}, {"model": "store.productgallery", "pk": 35, "fields": {"product": 13, "image": "media/h732_9_WE2vv4o.png"}}, {"model": "store.productgallery", "pk": 36, "fields": {"product": 13, "image": "media/h732_10_yfHECEr.png"}}, {"model": "store.productgallery", "pk": 37, "fields": {"product": 13, "image": "media/h732_13.png"}}, {"model": "store.productgallery", "pk": 38, "fields": {"product": 12, "image": "media/9ic91x5ofbcz7b796vr57vb23851w7064429.webp"}}, {"model": "store.productgallery", "pk": 39, "fields": {"product": 12, "image": "media/1kv0210y0n1sdlx9ykg6ucaedhy6ez355356.webp"}}, {"model": "store.productgallery", "pk": 40, "fields": {"product": 12, "image": "media/j29adc11b0xlhl7it6sp52wj7hf07z631017.webp"}}, {"model": "store.productgallery", "pk": 41, "fields": {"product": 12, "image": "media/qhqa8ewelgwy2l71sd566yhidfc1us667540.webp"}}, {"model": "store.productgallery", "pk": 42, "fields": {"product": 12, "image": "media/n1dzq3ou9g12qdrv07xbmp4zyxoh4p122590.webp"}}, {"model": "store.productgallery", "pk": 43, "fields": {"product": 12, "image": "media/ltow8za2vwmtlqzj1fb055dhc0qrhj280199.webp"}}, {"model": "store.productgallery", "pk": 44, "fields": {"product": 12, "image": "media/qva4kaeitsxbrspvyg7k82oklxb3i0864670.webp"}}, {"model": "store.productgallery", "pk": 45, "fields": {"product": 12, "image": "media/uaiq6d4oun0o1lfom9zyeb46yrev1v457083.webp"}}, {"model": "store.productgallery", "pk": 46, "fields": {"product": 11, "image": "media/02-Q4-burgundy-DT-720x540.webp"}}, {"model": "store.productgallery", "pk": 47, "fields": {"product": 11, "image": "media/01-Q4-Group-KV-DT-720x540.webp"}}, {"model": "store.productgallery", "pk": 48, "fields": {"product": 10, "image": "media/W4_40mm_01_BLK_Sport_BLK-DT-765x465.webp"}}, {"model": "store.productgallery", "pk": 49, "fields": {"product": 10, "image": "media/W4_40mm_02_BLK_Sport_BLK-DT-765x465.webp"}}, {"model": "store.productgallery", "pk": 50, "fields": {"product": 9, "image": "media/B0-04-group-kv-exclusive-configurator-MB-720x540.jpg"}}, {"model": "store.productgallery", "pk": 51, "fields": {"product": 9, "image": "media/B0-02-group-kv-basic-configurator-MB-720x540.jpg"}}, {"model": "store.productgallery", "pk": 52, "fields": {"product": 8, "image": "media/csm_RG850_-_construction__1__27ff0a1354.jpg"}}, {"model": "store.productgallery", "pk": 53, "fields": {"product": 8, "image": "media/csm_IMG_1506_e95ca9864c.jpg"}}, {"model": "store.productgallery", "pk": 54, "fields": {"product": 8, "image": "media/csm_RG850---construction-_3__edit_4f98d6899c.jpg"}}, {"model": "store.productgallery", "pk": 55, "fields": {"product": 7, "image": "media/rg655_34_web.png"}}, {"model": "store.productgallery", "pk": 56, "fields": {"product": 7, "image": "media/rg655_back_web.png"}}, {"model": "store.productgallery", "pk": 57, "fields": {"product": 7, "image": "media/RG655_bottom_view.png"}}, {"model": "store.productgallery", "pk": 58, "fields": {"product": 7, "image": "media/RG655_left_view.png"}}, {"model": "store.productgallery", "pk": 59, "fields": {"product": 7, "image": "media/RG655_right_view.png"}}, {"model": "store.productgallery", "pk": 60, "fields": {"product": 7, "image": "media/RG655_top_view.png"}}, {"model": "store.productgallery", "pk": 61, "fields": {"product": 7, "image": "media/csm_RG655_-_at_office__1__74d1ed9a36.jpg"}}, {"model": "store.productgallery", "pk": 62, "fields": {"product": 7, "image": "media/csm_RG655_in_dust_3fa12a82bc.jpg"}}, {"model": "store.productgallery", "pk": 63, "fields": {"product": 7, "image": "media/csm_RG655---outdoor-bike-_5__2c49982de3.jpg"}}, {"model": "store.productgallery", "pk": 64, "fields": {"product": 6, "image": "media/h732_pYvfPDP.png"}}, {"model": "store.productgallery", "pk": 65, "fields": {"product": 6, "image": "media/h732_2_KomJEQx.png"}}, {"model": "store.productgallery", "pk": 66, "fields": {"product": 6, "image": "media/h732_3_8qW1nHZ.png"}}, {"model": "store.productgallery", "pk": 67, "fields": {"product": 6, "image": "media/h732_4_TNAUICy.png"}}, {"model": "store.productgallery", "pk": 68, "fields": {"product": 6, "image": "media/h732_5_feHwnkF.png"}}, {"model": "store.productgallery", "pk": 69, "fields": {"product": 4, "image": "media/1024_1.png"}}, {"model": "store.productgallery", "pk": 70, "fields": {"product": 4, "image": "media/1024_2.png"}}, {"model": "store.productgallery", "pk": 71, "fields": {"product": 4, "image": "media/1024_3.png"}}, {"model": "store.productgallery", "pk": 72, "fields": {"product": 4, "image": "media/1024_4.png"}}, {"model": "store.productgallery", "pk": 73, "fields": {"product": 2, "image": "media/1024_PI56OnP.png"}}, {"model": "store.productgallery", "pk": 74, "fields": {"product": 2, "image": "media/1024_1_edNfMCh.png"}}, {"model": "store.productgallery", "pk": 75, "fields": {"product": 2, "image": "media/1024_2_E5CGWRD.png"}}, {"model": "store.productgallery", "pk": 76, "fields": {"product": 2, "image": "media/1024_3_jKuMMQq.png"}}, {"model": "store.productgallery", "pk": 77, "fields": {"product": 1, "image": "media/lk85guee450vthrvz638kisz3k79nc125094.webp"}}, {"model": "store.productgallery", "pk": 78, "fields": {"product": 1, "image": "media/qsbe1vjq5xp4f5lkgyuscnysjgwlou203718.webp"}}, {"model": "store.productgallery", "pk": 79, "fields": {"product": 1, "image": "media/r006rb2mogsmnqbxuap9p45ssuq7hc375139.webp"}}, {"model": "store.productgallery", "pk": 80, "fields": {"product": 1, "image": "media/3lw3fqyrf7mn4mtfieoey8yl5otvwo902143.webp"}}, {"model": "store.productgallery", "pk": 81, "fields": {"product": 1, "image": "media/7a8hpu9un471e4cjlzda53db96zs79757983.webp"}}, {"model": "store.productgallery", "pk": 82, "fields": {"product": 1, "image": "media/24238449458_82REcloudgreyX_202208191028221661841014828.webp"}}, {"model": "store.reviewrating", "pk": 1, "fields": {"product": 1, "user": 1, "subject": "cool laptop", "review": "high-quality laptop with a cool gaming experience", "rating": 4.0, "created_at": "2024-02-09T13:40:53.686Z", "updated_at": "2024-02-09T13:40:53.687Z"}}, {"model": "store.reviewrating", "pk": 2, "fields": {"product": 10, "user": 2, "subject": "nice watch", "review": "very elegant & easy to use", "rating": 5.0, "created_at": "2024-02-09T13:45:28.873Z", "updated_at": "2024-02-09T13:45:28.873Z"}}, {"model": "store.reviewrating", "pk": 3, "fields": {"product": 1, "user": 2, "subject": "Not bad", "review": "Not bad actually but it's very slow & get heat in short time", "rating": 2.0, "created_at": "2024-02-10T20:33:41.994Z", "updated_at": "2024-02-10T20:33:41.994Z"}}]